{"text": "world great finisher...\ngot goosebumps\ufeff", "time": "2 hours ago", "author": "RAM krishna", "cid": "z122tfyaomexzppak04ciltpzsvstl0ph10"}
{"text": "The world great mach finisher\ufeff", "time": "19 hours ago", "author": "Keerthi gowda Gowda", "cid": "z12cg50a2ne1yzodz23gjjaymrmni1fgu04"}
{"text": "The world great mach finisher Mahi\ufeff", "time": "19 hours ago", "author": "Keerthi gowda Gowda", "cid": "z13vevkrtqeec1j0x23gjjaymrmni1fgu04"}
{"text": "srinivasans son coming out... Mr.politician\ufeff", "time": "1 day ago", "author": "abhik chakrabarty", "cid": "z12hzz2jmmyajtlvu23wudkjusigwxwke"}
{"text": "Mahendra Massssss Dhoni\ufeff", "time": "1 day ago", "author": "charan thej", "cid": "z12xxl4wguiejt1l222sgpepambndjva304"}
{"text": "Thalla = Mass = Dhoni!\ufeff", "time": "3 days ago", "author": "Harish S", "cid": "z13fsxggmuu3jlnqm04cdzainxisutbrsig"}
{"text": "It is like a shit\ufeff", "time": "6 days ago", "author": "Huzaifa Zafar", "cid": "z12ufna5xoimc31mx224c1vi4zvsyriog04"}
{"text": "credit stealer dhobi\ufeff", "time": "1 week ago", "author": "abhik chakrabarty", "cid": "z12kd5h5upm3jhmff23wudkjusigwxwke"}
{"text": "lund te chupe la jake\ufeff", "time": "6 days ago", "author": "Parul Garg", "cid": "z12kd5h5upm3jhmff23wudkjusigwxwke.1471626213893849"}
{"text": "Just Fuck off u Asshole Idiot!!!\ufeff", "time": "1 day ago", "author": "sarabjit singh", "cid": "z12kd5h5upm3jhmff23wudkjusigwxwke.1472106914781977"}
{"text": "msd\ufeff", "time": "1 week ago", "author": "RAM krishna", "cid": "z12bcxv4mo3ydx5ef23oihjyayagc5fcc"}
{"text": "exllent entry\ufeff", "time": "1 week ago", "author": "Yaswanth Velaga", "cid": "z125yraqzszsevlxv04cidrzwlb4fzxbe40"}
{"text": "That shit background music ruined this great video :)\ufeff", "time": "1 week ago", "author": "Junaid Ali", "cid": "z12gtdxjhsubhr43n23ywnjqgsf5gtbov04"}
{"text": "video is great other than that shit music\ufeff", "time": "3 weeks ago", "author": "DAYDREAMPICTURES | Chubey Productions", "cid": "z12kg5cikujqcnq3022otztxkmzsghz4t04"}
{"text": "Thala Dhoni always best ...\ufeff", "time": "3 weeks ago", "author": "itsrifath here", "cid": "z13tdjhy4zazzbb2l222zhzj1lulevvbt04"}
{"text": "ultimate ,, I'm getting goosebumps\ufeff", "time": "3 weeks ago", "author": "Mahesh Babu", "cid": "z12esvehpuyaw5fwy04cixoadkagv1eohhw"}
