{"text": "Ihna Dhillon looks like Zeenat Aman. Beauty\ufeff", "time": "12 minutes ago", "author": "Bobby Chahal", "cid": "z13lsn2ifxzazfly404cdzypmuuux51pohs"}
{"text": "respect ........sir .rahat fateh ali\ufeff", "time": "19 minutes ago", "author": "ankit gupta", "cid": "z13sjdh4euvzhdz1n23xhnaainvrvhx4l04"}
{"text": "Naina By Sohail Shahzad.......same tune and lyrics\ufeff", "time": "51 minutes ago (edited)", "author": "Zurr Eyat", "cid": "z12oyxgpks2dyzi0o23ki1zaom3cupztb"}
{"text": "Kaim baut jyda maza aa gai\ufeff", "time": "2 hours ago", "author": "Raj Sandhu", "cid": "z13iihooglbjxbnfp23wdlph4siagjh23"}
{"text": "nice\ufeff", "time": "3 hours ago", "author": "Maryam Imran", "cid": "z13fgh44dnueglyjv04ci1cg2o2dh5twvwg0k"}
{"text": "kaimz\ufeff", "time": "4 hours ago", "author": "Honey Singh", "cid": "z13hgbpagsrpwbcxi04cdljgbuyrylqy05k"}
{"text": "bilkul Bakvas hero has ye par song is so sweet..\ufeff", "time": "5 hours ago", "author": "Dharmendra Gaur", "cid": "z12ufzjx3kj0h1kwu04ch5uj0wi2tl0av2s"}
{"text": "bilkul Bakvas hero has ye par song is so sweet..\ufeff", "time": "5 hours ago", "author": "Dharmendra Gaur", "cid": "z135tpwrsqu4ttcea23dinsb3kqgc1qsq"}
{"text": "awesome song....\ufeff", "time": "5 hours ago", "author": "raman preet", "cid": "z12ucpbwxs2pwbon223uivholtubff3fb"}
{"text": "\ud83d\udc9f\ufeff", "time": "6 hours ago", "author": "Shan Butt S b", "cid": "z13phbej3q3tzfaj504cchbiosfpf35yjwo0k"}
{"text": "O sada gana e tusi ulta kar taa ...Nena de bohee khully .Khuly hi rahn de .Odia udeka de maze menu lain de .raba mere yr nu mere joga rahn de\ufeff", "time": "11 hours ago", "author": "Aliza Ali", "cid": "z12wednjlueegfc4f04centyvlqrip44xfg"}
{"text": "ms\ufeff", "time": "13 hours ago", "author": "Sameena Naz", "cid": "z12nw3m5qk2ifdbwv04ci3iioo2tjzzxnuk0k"}
{"text": "what a song !!!\ufeff", "time": "15 hours ago", "author": "amazing shots", "cid": "z13estbipkmajf3er22pchsz5sn0ivphh04"}
{"text": "Daari wala chutia\ufeff", "time": "16 hours ago", "author": "Priyotosh Mondal", "cid": "z12ng5g42qv2dpyfb23jixzaznuntdsij04"}
{"text": "sweet song\ufeff", "time": "17 hours ago", "author": "AVINASH KUMAR", "cid": "z13tdxmq5xzfdr3qe04cfrhxgsvsit5h4sw0k"}
{"text": "love u ustad rahat best of luck\ufeff", "time": "19 hours ago", "author": "Shah Hashmi", "cid": "z13rh5zgps3jdlxos04ccrhpolyjit4jeb0"}
{"text": "kaim aa Gill saab\ufeff", "time": "20 hours ago", "author": "Gurjinder Gill", "cid": "z13atrgo1sjsuf2rz04ccfh45qf3yxhpsyw0k"}
{"text": "nice vedio good luck\ufeff", "time": "20 hours ago", "author": "Viraj Naik", "cid": "z12qxxzpburosfird04cfnta2knuzld5aaw"}
{"text": "NYC song\ufeff", "time": "21 hours ago", "author": "Gill Saab", "cid": "z12kjx5rzyaddxc4l04cfbdhbmettnjr0zw0k"}
{"text": "it was awsome\ufeff", "time": "21 hours ago", "author": "ARPIT TYAGI", "cid": "z131htvhyknetfkwy04cirnxjumoi3wqyc4"}
{"text": "naina day bohey khuly.khuly he rain dey.\noriginal track\ufeff", "time": "22 hours ago", "author": "Nauman1947 Waris ", "cid": "z13pdviigymivznsm22tutax1vaivdxdj"}
{"text": "oh no ita copy of sohail songs\ufeff", "time": "22 hours ago", "author": "Nauman1947 Waris ", "cid": "z123xltr5tnssjmxw04cfbf4vobgtvhbp5w"}
{"text": "Where is the dislike button\ud83d\ude21\ufeff", "time": "22 hours ago", "author": "sumit kumar", "cid": "z12xgh5ivuquwv2c423zixjacwnzgzfc2"}
{"text": "superb romantic song \ud83d\ude0d\ud83d\ude0d\ufeff", "time": "23 hours ago", "author": "\u0a26\u0a47c \u0a1c\u0a47hi Pin\u0a21\u0a42\u0a70 Kau\u0a30", "cid": "z13cttcb1uz0yv1mf22gcxsbwwq5v1g0l"}
{"text": "I apologize Rahat ji but Sohail did a much better job.\ufeff", "time": "1 day ago", "author": "Sweety Jersey", "cid": "z12jvxop4wmazlfh004citxgyzucitgijck"}
{"text": "Totally copy of Sohail Shahzad Naina......\ufeff", "time": "1 day ago", "author": "Waleed Hashmi", "cid": "z12du3zyommosrwmi23pj5krxwa4vv1fi"}
{"text": "song is good but the actions of sippy gill does not match with the lyrics. and also the look of sippy gill is not attractive it is more of a senseless boy . location is good . heroin is good but she is expressionless.\ufeff", "time": "1 day ago", "author": "pranav khanna", "cid": "z12wwxijpqrzzf1cf23cw3dg3pistlbgt04"}
{"text": "Woaooo different look nd very 9ce song...\ufeff", "time": "1 day ago", "author": "Miss Zara", "cid": "z134gnigrxmcwhyja04ccv4yoz24etawcj0"}
{"text": "Nic song & ultimate music \ud83d\udc4d\ud83d\ude07\ufeff", "time": "1 day ago", "author": "jinda dhillon", "cid": "z13ezlbg4lyeufbpx04cj5dwrtbqitbxnvo0k"}
{"text": "Nice song by Ustaad Fateh Ali I\ufeff", "time": "1 day ago", "author": "Vikash Gunjan", "cid": "z13fg51jkw2yxhaxt04cdp0aormosxqhvyw0k"}
{"text": "rahat fateh ali khan great singer...\ufeff", "time": "1 day ago", "author": "Nafees Chaudhary", "cid": "z13vtxqzju3wujvtz22qgvtxxvnoe1tla"}
{"text": "copy kya hi ,!Naina de buhe khule khule he ryn de,,,,,,,,,, eska\ufeff", "time": "1 day ago", "author": "shakeel ahmad", "cid": "z12ue5r44rfcij25n04cd5yimumnw5uj3ko0k"}
{"text": "rahat voice awesome\ud83d\ude04\ud83d\ude04\ud83d\ude04\ufeff", "time": "1 day ago", "author": "saif hussaini", "cid": "z12shfmjgvectfy1a23vtv5hfvjqe5lwy04"}
{"text": "Dear Friends!!\nI am offering a job\nType -work from home\nReq-\nBasic phone knowledge\nWhatsapp\nIncome 20,000/ month\nIf u are interested type ur name with \"JOIN\" On WhatsApp no +919104610106\nU can work from any country or city no registration fees\ufeff", "time": "1 day ago", "author": "Insight trending", "cid": "z12xd1kbvxvmg1ou022gjbnihxbaxpfen"}
{"text": "copy of sohail khan song\ufeff", "time": "1 day ago", "author": "Mirza Asad", "cid": "z13judgxrkmfd5b5p04cdldr2lb5vt2bkn00k"}
{"text": "bhot nice song AAA love you ustad rahat fateh Ali khan jionde vasde rho rab thonu tarrakiyan bakshe lamiya umra bakshe\ufeff", "time": "1 day ago", "author": "Bikram Dharamsot", "cid": "z12renmjllemxvll222wwzgbvxjkeprlx"}
{"text": "vry nyc sippy bro\ufeff", "time": "1 day ago", "author": "Satwant Mann Mann", "cid": "z12cyfybetueixeld23qubdoanruylxxl04"}
{"text": "aUsm #rahaT \ud83d\udc9c\ufeff", "time": "1 day ago", "author": "Priti chaudhary", "cid": "z13fypxqzkqovnh0n23cd125ryebf3cyj04"}
{"text": "vikram\ufeff", "time": "1 day ago", "author": "Vikram Kumar", "cid": "z13hvtyouxijjp5d322oxj25zyu3trlln"}
{"text": "Fabulous song ...\ufeff", "time": "1 day ago", "author": "Satti Nagra", "cid": "z13dftljuur5wlr5i04cg3pqhubszj4qya4"}
{"text": "copy of naina song .. :/\ufeff", "time": "1 day ago", "author": "Raja Umer Ali", "cid": "z12jhpn5exj2ypsq104ccvrpwpabwlmh5m00k"}
{"text": "www.facebook.com/Fadoo.Engineers.Official\ufeff", "time": "1 day ago", "author": "rohit khandewal", "cid": "z13af5egdrnmi10se22ifnzwrnfcibjpy04"}
{"text": "PAKISTAAAN..... Salaam!!!\ufeff", "time": "1 day ago", "author": "Ti- video", "cid": "z13svrzh2svkgr4qb04ccfxbzsn0d3qgojc"}
{"text": "wow....oSm...\n......Shimla.....\ufeff", "time": "1 day ago", "author": "Sudhir Sharma", "cid": "z13rdnkjcwj1z1ttu23tthsqpm3xzrzid04"}
{"text": "Awasome ha very nice\ufeff", "time": "1 day ago", "author": "Muhammad Ali", "cid": "z13wtdob5nisthylu22zv1vj5uuidtkpc04"}
{"text": "Goonh video\ufeff", "time": "1 day ago", "author": "Kanwarjit Singh", "cid": "z12uhtgasnzdsj2uw22lv11qyu3qvjbws04"}
{"text": "copy of sohail shahzad song\ufeff", "time": "1 day ago", "author": "Anita Waseem", "cid": "z12cy1nw0p3bslpzj04cep342laiydfwqb0"}
{"text": "Beauty of Shimla\ufeff", "time": "1 day ago", "author": "Pawan Kumar", "cid": "z13ujz3iby31dfa2x23ofj5zmzuvjtc1s"}
{"text": "Sartaj Singh Pannu has good taste He  mixed East and and best of west punjab.  looks classy .. but should have picked D.... ...cast  .....\ufeff", "time": "1 day ago", "author": "Gurpreet K", "cid": "z13eifmzkyu1yz1ww04cf1dimne1hnhjuzs0k"}
{"text": "0:42 MAA TUJHE SALAAM\ufeff", "time": "1 day ago (edited)", "author": "Lloyd Christmas", "cid": "z12ffvwz4sehwbk5404cetrj0xnuv5po0l00k"}
{"text": "hahaha. veere feeling lai gya tu tan\ufeff", "time": "1 day ago", "author": "Bobby Chahal", "cid": "z12ffvwz4sehwbk5404cetrj0xnuv5po0l00k.1472107304414381"}
{"text": "+Bobby Chahal haan bro !!\ufeff", "time": "22 hours ago", "author": "Lloyd Christmas", "cid": "z12ffvwz4sehwbk5404cetrj0xnuv5po0l00k.1472126022167270"}
{"text": "type saksham giri on you tube and watch its 3rd episode...must watch\ufeff", "time": "1 day ago", "author": "SAKSHAM GIRI", "cid": "z13cxvxrmtueznyig04chzggrmaudbupycg"}
{"text": "Sooooo Nice\ufeff", "time": "1 day ago", "author": "Qurban Ali Sheikh", "cid": "z133u3ypgkjlwrspp04cfd34mtaaeh3ga1w"}
{"text": "very very very very very nice song yar\ufeff", "time": "1 day ago", "author": "zain jani", "cid": "z131jjebhwznxdl3z22myv3quyrltz3oh04"}
{"text": "Beautiful <3\ufeff", "time": "1 day ago", "author": "India Ghoomo", "cid": "z13lijkwur2tilhus23huhaintelx1tbx04"}
{"text": "Come and Join Incredible India.\nNews - The Worlds most comprehensive Indian Defence News Group in the World.\nhttps://www.facebook.com/groups/1759402557642500/?ref=bookmarks\ufeff", "time": "1 day ago", "author": "Abhishek Yadav", "cid": "z13ow1djqs25jjvqh04cjn5pdvjrzxrwajg"}
{"text": "Again \u2661 happy raikoti \u2606\ufeff", "time": "1 day ago", "author": "Fan Rahul", "cid": "z13jtttafxrtvb1ju04cjnujcvqcwlfyrhs"}
{"text": "\ud83c\udf82BIRTHDAY\ud83c\udf81\n\ud83c\udfbc WEDDING\ud83c\udfb7\nOr Any Celebration I am here for keep your day remember in your entire life.\nEvent organization.\nSpecialization:-\n\ud83d\udc6b Kids Zone.\nBride Palki.\nHydraulic (varmala)\nDoli,jambo cooler, mist fen valun decorate D.J\nOr make your wish.\n24X7X365\nI am\nMahaveer prasad\n\ud83d\udcf19950061234 \n\ud83d\udcf18955861234\n\ud83d\udcf18094941234\ufeff", "time": "1 day ago", "author": "Pryianka Mobile", "cid": "z12dfnuyvsuxhr5iq04ce1lj5sefd33hzp40k"}
{"text": "Awesome Song\ufeff", "time": "2 days ago", "author": "Sharan Devgan", "cid": "z12yuvawskysxffq004cdloxczaminwrglo0k"}
{"text": "awesome\ufeff", "time": "2 days ago", "author": "Furqan Sayyed", "cid": "z13yhhyoosfqzbiy504cdjvjhlbxe5lpv5c"}
{"text": "nice\ufeff", "time": "2 days ago", "author": "TheIndianArtist", "cid": "z124jtsrwtutt50sv23oy50zoqrki34hl04"}
{"text": "its shimla\ufeff", "time": "2 days ago", "author": "mohit kumar", "cid": "z12kfn4ptxaqh5xih04cfzqoavjcs32hqtg0k"}
{"text": "HOME JOB FREE ONLINE BUSINESS**\u0918\u0930 \u092c\u0948\u0920\u0947 \u0906\u092a\u0928\u0947 Android Phone \u0938\u0947 \u092a\u0948\u0938\u0947 \u0915\u092e\u093e\u092f\u0947\u0902  \u092c\u093f\u0928\u093e \u090f\u0915 \u0930\u0942\u092a\u090f \u0932\u0917\u093e\u092f\u0947 \u0915\u092e\u093e\u092f\u0947\u0902**Type JOIN nd msg me on WhatsApp no:- 7870258466\ufeff", "time": "2 days ago", "author": "bhanu kumar bhanu kumar", "cid": "z131sjgjuxqyczhx104ccf5gbqvec3ahd2s"}
{"text": "Manu ni lagda k es song nu ustad rahat fathe ali khan to bina koi ga sakda c nhi ustad rahat fathe ali I love I veri veri miss miss rahat ji bhuhat jada mithi awaz rahat fathe ali khan di I miss rahat ji bhuhat pyaara song rabba Sachi ji\ufeff", "time": "2 days ago", "author": "Malkit Banger", "cid": "z13uzj4zjpvpdtrn023pendblxzhebdim04"}
{"text": "<3\ufeff", "time": "2 days ago", "author": "\u029d\u0585\u0262\u025b\u0586\u0266 \u0442i\u03c9\u01fa\u044fi", "cid": "z131idaqrvbrv5emz22jsx4yqse1v5xpt04"}
{"text": "Shimla\u2764\ufeff", "time": "2 days ago", "author": "Karan Sharma", "cid": "z133gr3hylb4gb2hz04cdzt40uqgfd3rn4o"}
{"text": "wah g\ufeff", "time": "2 days ago", "author": "Jaspal Mand", "cid": "z13ygxga4nydjlywp04cih4alo3pf1jgdsw0k"}
{"text": "bhut\u00fe sohna sippy gilll\ufeff", "time": "2 days ago", "author": "Gurinder Sidhu", "cid": "z12surygtkihth5jn04cdvfb0rqxtdyjvs00k"}
{"text": "kaimm song \ud83d\ude04\ufeff", "time": "2 days ago", "author": "Prabh Bajwa", "cid": "z13xjjmohyqfifqvi232crzzqvntyjxy104"}
{"text": "best singar raht\ufeff", "time": "2 days ago", "author": "Kashif G", "cid": "z13fit0bkurvjj10123kzzvrsvr3dl4go04"}
{"text": "nice song\ufeff", "time": "2 days ago", "author": "Ani singh", "cid": "z12rib0hfnngxhme023zfzhjysbsjhiux"}
{"text": "Itna ganda actor kyun liya hai video mein\ufeff", "time": "2 days ago", "author": "Manish Bhambhu", "cid": "z121jbyzfo2sjhjnc23oixrw5s3culqru04"}
{"text": "actually\ud83d\ude02\ud83d\ude02\ufeff", "time": "2 days ago", "author": "Ziyad Khan", "cid": "z121jbyzfo2sjhjnc23oixrw5s3culqru04.1472023537424396"}
{"text": "actor ki movie us rahat fateh Ali se song sing karwia\ufeff", "time": "1 day ago", "author": "harwinder singh", "cid": "z121jbyzfo2sjhjnc23oixrw5s3culqru04.1472050932111963"}
{"text": "You are fucking ugly hahaha\ufeff", "time": "1 day ago", "author": "A. Montana", "cid": "z121jbyzfo2sjhjnc23oixrw5s3culqru04.1472108084540067"}
{"text": "dusro ko judge karne se pehle ek bar khud ko Dekh lo\u263a\ufeff", "time": "23 hours ago", "author": "Aarti Bhist", "cid": "z121jbyzfo2sjhjnc23oixrw5s3culqru04.1472124451914324"}
{"text": "fuddu song ae\ufeff", "time": "2 days ago", "author": "Navdeep Singh", "cid": "z133yxyzlrbgidl0z23ajpmptpfazdx20"}
{"text": "mast song hai .....\ufeff", "time": "2 days ago", "author": "vikram shinde", "cid": "z12cyp2zwknryzwb404ch1qrytqduzohxws0k"}
{"text": "naina by sohail...???!\ufeff", "time": "2 days ago", "author": "Manny K", "cid": "z12nednjaufqwrs1t23etxky2mmnyrnsi"}
{"text": "Bets players secretly use this!\ufeff", "time": "2 days ago", "author": "Ramesh Kumar", "cid": "z12jvpfzfknmdzthg04chxlrmlfadzrpdw40k"}
{"text": "1234\ufeff", "time": "2 days ago", "author": "idrisiAkhtarhusain Idrisi", "cid": "z13pizgwrrznghbii04cdx4aoonycfs5two0k"}
{"text": "cool\ufeff", "time": "2 days ago", "author": "Coco Majilla", "cid": "z12xub1a5tzwdtl2w23ytjxadujyi5wmo"}
{"text": "\u2764\ufeff", "time": "2 days ago", "author": "Deepa Gowda", "cid": "z13wep5bskzzfrorl04cenkhgrjdypdhuag"}
{"text": "\ud83d\ude15\ufeff", "time": "1 day ago", "author": "A. Montana", "cid": "z13wep5bskzzfrorl04cenkhgrjdypdhuag.1472108130280970"}
{"text": "yup\ufeff", "time": "19 hours ago", "author": "mak maddy", "cid": "z13wep5bskzzfrorl04cenkhgrjdypdhuag.1472140067908116"}
{"text": "Hey please subscribe my channel......Help me to grow on YouTube......\ufeff", "time": "2 days ago", "author": "Cricket2Fun", "cid": "z13nzzkz3ribvpg5y04cgnbalrf0djmycq00k"}
{"text": "what is the shooting location of this video? can anyone help?\ufeff", "time": "2 days ago", "author": "Rahul Mamtora", "cid": "z13tynbooz25fvcuw22wuhhgskegxtahm04"}
{"text": "Shimla...himachal Pradesh India\ufeff", "time": "2 days ago", "author": "IndigoNews", "cid": "z13tynbooz25fvcuw22wuhhgskegxtahm04.1472017488744123"}
{"text": "+IndigoNews thanks... But will be more useful if you could tell me the specific locations please.\ufeff", "time": "2 days ago", "author": "Rahul Mamtora", "cid": "z13tynbooz25fvcuw22wuhhgskegxtahm04.1472022299795094"}
{"text": "+Rahul Mamtora most of it is near mall road, shimla\ufeff", "time": "1 day ago", "author": "Nikhil Arora", "cid": "z13tynbooz25fvcuw22wuhhgskegxtahm04.1472042928005966"}
{"text": "+Rahul Mamtora and the tricolor flag is near the ridge\ufeff", "time": "1 day ago", "author": "Nikhil Arora", "cid": "z13tynbooz25fvcuw22wuhhgskegxtahm04.1472042969823680"}
{"text": "I live Uuuuu Rahat.......\ufeff", "time": "2 days ago", "author": "Jawed Raj", "cid": "z13bwbigxljsh1q5v04cep0o0xess3e4huk0k"}
{"text": "superb song\ufeff", "time": "2 days ago", "author": "purushottam mishra", "cid": "z12gwxpiitmds1pms22vy30gnsi2hjvyp04"}
{"text": "khush kita bai acting nd song  gr8\ufeff", "time": "2 days ago", "author": "reet deep", "cid": "z125shra4z2iwpvke23vzzko3n3pc5ruc"}
{"text": "shimla so beautiful\ufeff", "time": "2 days ago", "author": "Harpreet Bhinder", "cid": "z125wv35ixiuyrhga04ch15xxpfyjtkrou40k"}
{"text": "#Rabba #mery #Yaar nu akhaan sawain rehn dy \n#L0ve u #Rahat\ufeff", "time": "2 days ago", "author": "WAQAR sial", "cid": "z124htobhtvyj552v23fwzgbervjenv2a"}
{"text": "nyc touch....\ufeff", "time": "2 days ago", "author": "Sardaraa Navie", "cid": "z12ywdbanrbvhdw3e22xcdeiyvvpfhg4x04"}
{"text": "worst acting skills lol\ufeff", "time": "2 days ago", "author": "Sanz Ray", "cid": "z13vsfrrfsecjfjya04ccjxosvegfbchfbc"}
{"text": "sippy bai look bht sira kr lyi .. bht wadia\ufeff", "time": "2 days ago", "author": "Abhay Singh", "cid": "z13vg33zbwu1zjv4w04chp0ampztztqitn40k"}
{"text": "Sirrraa happy raikoti sha gya bai\ufeff", "time": "2 days ago", "author": "gurkirtan singh", "cid": "z13yfzbpyqaaevrna22mwb0rhpypez3xo04"}
{"text": "\u0a2c\u0a39\u0a41\u0a24 \u0a35\u0a27\u0a40\u0a05\u0a3e song \u0a35\u0a40\u0a30\u0a47\ufeff", "time": "2 days ago", "author": "BABBAL SIDHU", "cid": "z12lc1upmlnqgh05h04ce3m50vfne5rok4g"}
{"text": "very nice song\ufeff", "time": "2 days ago", "author": "Neelu Surya", "cid": "z13hensy5ryshhokr23fhlojdxqsy13km"}
{"text": "bhoot\ufeff", "time": "2 days ago", "author": "Ram Singh 9917593566", "cid": "z12wdr5oxku2vbjsb23njbtpkki1jp2wj04"}
{"text": "rajesh\ufeff", "time": "2 days ago", "author": "Ram Singh 9917593566", "cid": "z13bsdb5honrsfg0s23njbtpkki1jp2wj04"}
{"text": "rajesh\ufeff", "time": "2 days ago", "author": "Ram Singh 9917593566", "cid": "z13syhjwosjajvpk123njbtpkki1jp2wj04"}
{"text": "Rahat just doesn't care about what his fans want to hear, everyone boycott his concerts don't go to them\ufeff", "time": "2 days ago", "author": "The Minch", "cid": "z133g3ro0t3rd1min04cj5qyem3guj45fvs0k"}
{"text": "\ud83d\ude02\ud83d\ude02\ud83d\ude02\ud83d\ude02\ud83d\ude02 you fool!!!!!\ufeff", "time": "2 days ago", "author": "Lakshjeet Singh Mann", "cid": "z133g3ro0t3rd1min04cj5qyem3guj45fvs0k.1472010870009784"}
{"text": "FUCK OFF\ufeff", "time": "2 days ago", "author": "Prasoon Singh", "cid": "z133g3ro0t3rd1min04cj5qyem3guj45fvs0k.1472030379292814"}
{"text": "love u rahat \ud83d\ude18\ufeff", "time": "2 days ago", "author": "mr \u015aH\u00d8AIB", "cid": "z13acntq1rvburx3y22tsnioftjae1j4c04"}
{"text": "waoooooooo awsm song\ufeff", "time": "2 days ago", "author": "Gamer S", "cid": "z12xxxvwltvwc5aou04cihwyxsfcdheyyxw0k"}
{"text": "nice song n video\ufeff", "time": "2 days ago", "author": "Raman Kaur", "cid": "z13acxka1ryleljki22oxtihopvdjbwrx04"}
{"text": "Why do artists just copy other songs to come up with new songs...a good track but lacks originality hugely.\ufeff", "time": "2 days ago", "author": "retrospark", "cid": "z12rjxkzmyjqdznpr04chbeqrpycxbkqavw0k"}
{"text": "bahut hi wadhiya song aa :)\ufeff", "time": "3 days ago", "author": "Meera Sharma", "cid": "z12mgraiaruwtfxyj04cjpdhhwaxuh2yep40k"}
{"text": "nice song g ,best of luck for ur movie\ufeff", "time": "3 days ago", "author": "Harmeet Kour", "cid": "z125fpqqywnmj1eov04cctxitwrzdbxzmik"}
{"text": "B\ufeff", "time": "2 days ago", "author": "Khelkrishan sharma", "cid": "z125fpqqywnmj1eov04cctxitwrzdbxzmik.1472014047882259"}
{"text": "INDIAAAA.....Jai Hind!!!\ufeff", "time": "3 days ago", "author": "Suleiman Qureshi", "cid": "z13qyzurfui0e3gxc04cjfuiitqnilwoyxs0k"}
{"text": "Watch out my videos.\ufeff", "time": "3 days ago", "author": "Imagination into Reality", "cid": "z13qyzurfui0e3gxc04cjfuiitqnilwoyxs0k.1471947470147023"}
{"text": "Albinus Akka Assam\ufeff", "time": "3 days ago", "author": "Albinus.9717012453 ekka", "cid": "z13butgzgxmoct5s223ctf2hfxj4eh24f04"}
{"text": "What I liked the most about this song?\nThe Tricolor flag of our mother India.\ufeff", "time": "3 days ago", "author": "\u0905\u0935\u0928\u0940\u0936 \u0938\u093f\u0902\u0939", "cid": "z13pxtqrzwzluzigd04cjx0ohmrkuxxxpd0"}
{"text": "right \ud83d\ude0a\ufeff", "time": "23 hours ago", "author": "Aarti Bhist", "cid": "z13pxtqrzwzluzigd04cjx0ohmrkuxxxpd0.1472124367083511"}
{"text": "Good\ufeff", "time": "3 days ago", "author": "Mukesh.Djking King", "cid": "z135ubl5oquler2vj22jxvwrhznmxzeuq"}
{"text": "beautiful\ufeff", "time": "3 days ago", "author": "Raj sarary (\u0a2a\u0a3f\u0a06\u0a30\u0a3e \u0a30\u0a3e\u0a1c)", "cid": "z132ypvynyudslp5q04cclx5qomwvxtb5rk0k"}
{"text": "sirra song aa Bai  ,I am waiting for your movie\ufeff", "time": "3 days ago", "author": "Akash yadav", "cid": "z133ih0okzirilfjo04cilkxyt2qdztavjw"}
{"text": "bahute vadiya..\ufeff", "time": "3 days ago", "author": "Diljit Dosanj", "cid": "z13jerpgsmbfcdhhd04ce1p4ytjdvl4zhok0k"}
{"text": "owsm music laddi gill nd mindblowing singer ustad g i hope ganttt film houge\ufeff", "time": "3 days ago", "author": "jaspal singh Sidhu", "cid": "z13au5g5zpbpjxc3w23rir0ywo3suhrfz"}
{"text": "Check my latest video and subscribe to my channel for funny stuff :)\ufeff", "time": "3 days ago", "author": "AASHIV MIDHA", "cid": "z13utrk43uqzhno3e22xvnp5upy5j54o204"}
{"text": "wowwwww\ufeff", "time": "3 days ago", "author": "praba karan", "cid": "z120u5fxuo22ztl5t04cjvczysvrchoimlo0k"}
{"text": "Nazara ee aageya yaar end music end lyrics end voice end vedio end h acting te tiranga vedio ch pakke sava ad e leyaata\ufeff", "time": "3 days ago", "author": "Abhijeet Sidhu", "cid": "z13tjxmwxyjwub12c22ttnbgwpqszz53b"}
{"text": "+Ramadevi Pagadala hello\ufeff", "time": "2 days ago", "author": "Abhijeet Sidhu", "cid": "z13tjxmwxyjwub12c22ttnbgwpqszz53b.1471964966741909"}
{"text": "\ud83d\ude0d\ud83d\ude0d\ud83d\ude0d\ufeff", "time": "3 days ago", "author": "Rahul Setia", "cid": "z13lw1j54ojjvzboq04celbbxkaucrk5cbg"}
{"text": "attt song\ufeff", "time": "3 days ago", "author": "kourNarinder KourNarinder", "cid": "z122v1z4ypb5w5owc04cevzobrjdgtwi4zw0k"}
{"text": "Gud  job \n...\ufeff", "time": "3 days ago", "author": "padda girl", "cid": "z12cs3bb2zigf1jq504ccr0qctmov1xwm54"}
{"text": "att song bhai\ufeff", "time": "3 days ago", "author": "Harjot Singh", "cid": "z13uxpc50miehx1nx22ggt2qlli1s5qbl04"}
{"text": "Music wakhra te kaimm\ufeff", "time": "3 days ago", "author": "Brar Saab", "cid": "z12pddk53muzsn3kh23jdhiwrmbxihpmd"}
{"text": "kaint aa geet ....keep it up happy bi ......\ufeff", "time": "3 days ago", "author": "Shinda  Sekhon", "cid": "z13fyr4y5tbgfhayy04cfnixboi3czdh4d4"}
{"text": "*****\ufeff", "time": "3 days ago", "author": "ch habib", "cid": "z13pw3lheyi0snfm322tyferpvznixq0d"}
{"text": "Bohat Alla song\ufeff", "time": "3 days ago", "author": "ch habib", "cid": "z13rcvkbzw2fel3ys04cfbtheyrjyhvqs14"}
{"text": "sippy and voice are amazing\ufeff", "time": "3 days ago", "author": "kaka bala", "cid": "z13letyghtnyj5k2v23mel1rylylwdmmj"}
{"text": "gait g 00971564677167\ufeff", "time": "3 days ago", "author": "Jagpreet Singh", "cid": "z12tyjbjyzbrshfzd04ccjn4imethbhqlso0k"}
{"text": "siraaaaaa song\ufeff", "time": "3 days ago", "author": "JASPREET lucky jagraon", "cid": "z12qxtmilpz4evujf04cdpoapkv4epybsek"}
{"text": "Nice song\ufeff", "time": "3 days ago", "author": "amrit randhawa", "cid": "z13mgbfrmqv2gl3bu04cjnkhyqjazznitd4"}
{"text": "\ud83d\udc4c\ud83d\udc4c\ud83d\udc4c\ufeff", "time": "3 days ago", "author": "Harman Jasdhol", "cid": "z132e5gxhljyufzso23kcjew4kbkjxyis04"}
{"text": "Sohail Shehzad ka song copy kiya hai.\ufeff", "time": "3 days ago", "author": "Saif Khan", "cid": "z13stbt5om3heztdm222djeikpumir2zi04"}
{"text": "nic song...\ufeff", "time": "3 days ago", "author": "MR. JATT", "cid": "z12ndbibnxbswhqyk04cj5uoiy21yzlo1xs0k"}
{"text": "att singr also\ufeff", "time": "3 days ago", "author": "Gursewak Sidhu", "cid": "z13bdl44rn3lspwao04cdhxbym24wruxqr00k"}
{"text": "Pehla filma jada music jatinder sha da hunda c but ajj kal laddi gill bai sha rahe ny music sachi end hunda veer da rab ho tarki deve\ufeff", "time": "3 days ago", "author": "Gursewak Sidhu", "cid": "z13fzlayzmmlsr0ks22fjdzoklb5yrhps04"}
{"text": "endlesss\ufeff", "time": "3 days ago", "author": "honey dhiman", "cid": "z13jv31avlq4hphrc04cjbwicuvytdf4gtw0k"}
{"text": "nice song\ufeff", "time": "3 days ago", "author": "SANJU MEHRA", "cid": "z13tt1nwitqdfpwdw22lyltptyihxfi2e"}
{"text": "unsatisfied women and girls call me in Delhi 9654371408\ufeff", "time": "1 day ago", "author": "Vickey Verma Verma", "cid": "z13tt1nwitqdfpwdw22lyltptyihxfi2e.1472113916232329"}
{"text": "Ohhh my god ena sona song a te a song v mere sab to best msuic dr laddi gill da kita wowwwww i love dis song\ufeff", "time": "3 days ago", "author": "JASVEER SIDHU", "cid": "z12syb0jkp3wgp5ca22sdvez0snmyntrq04"}
{"text": "Super Hit Masha Allah\ufeff", "time": "3 days ago", "author": "Waseem Abbas", "cid": "z13djfyghk25i5xro04cejejrnr1uxs4ocg"}
{"text": "This song is brother of song naina by sohail shehzad\ufeff", "time": "3 days ago", "author": "Ahsan Ali", "cid": "z13tet4abob5fdacx22rgpihlumfyrowr04"}
{"text": "yep\ufeff", "time": "3 days ago", "author": "Ahsan Jutt", "cid": "z13tet4abob5fdacx22rgpihlumfyrowr04.1471868485051212"}
{"text": "True bro but sohail is better in that particular song \ud83d\ude42\ud83d\udc4d\ud83c\udffb\ufeff", "time": "2 days ago", "author": "Rishi Sharma", "cid": "z13tet4abob5fdacx22rgpihlumfyrowr04.1472027835045175"}
{"text": "very nyc ... good looking...\ufeff", "time": "3 days ago", "author": "Gurjot Gill", "cid": "z12exx1bfyy0tf3um222jdbwnpygxl3hc04"}
{"text": "sipppy tigerrr\u0155rr rockkk\ufeff", "time": "3 days ago", "author": "Gurinder Sidhu", "cid": "z13hdva5qmjpxxxx404cdvfb0rqxtdyjvs00k"}
{"text": "Beautiful song\ufeff", "time": "3 days ago", "author": "Amandeep Singh Thiara", "cid": "z120zh45tozru5j1m233gpfj3y3rzvekw"}
{"text": "nyc romantic song\ufeff", "time": "3 days ago", "author": "Harry Brar", "cid": "z12du1nrypz2wjmsy23iupyjctezixmcl"}
{"text": "att song\ufeff", "time": "3 days ago", "author": "Gagandeep  Singh", "cid": "z13ut5xwdwb3tju0d23azdsi0ti1etfhc04"}
{"text": "End\ufeff", "time": "3 days ago", "author": "Sharanjit Singh", "cid": "z12tcr0r2le1wbncg224zfn5ctf0y3vqz04"}
{"text": "Awasome song beautiful\ufeff", "time": "3 days ago", "author": "Kranti saini", "cid": "z13aehn4qpahsdla204ci12amyjvsnwxtyc0k"}
{"text": "awsm songggggg\ufeff", "time": "3 days ago", "author": "Preet Kaur", "cid": "z135fnibevrwcbsvw22yjj3bds2bgfmon04"}
